duration,x^0,x^1,x^2,x^3,x^4,x^5,x^6,x^7,y^0,y^1,y^2,y^3,y^4,y^5,y^6,y^7,z^0,z^1,z^2,z^3,z^4,z^5,z^6,z^7,yaw^0,yaw^1,yaw^2,yaw^3,yaw^4,yaw^5,yaw^6,yaw^7,
1.000000,0.429160,0.000000,0.000000,0.000000,-0.030662,0.033500,-0.015530,0.002844,-0.427340,0.000000,0.000000,0.000000,-0.005032,0.005497,-0.002548,0.000467,1.704900,0.000000,0.000000,0.000000,0.049491,-0.054072,0.025067,-0.004591,0.000000,0.000000,0.000000,0.000000,0.000000,0.000000,0.000000,0.000000,
1.000000,0.419312,-0.028419,-0.022195,0.001296,0.003432,-0.002875,0.001219,-0.000218,-0.428956,-0.004663,-0.003642,0.000213,0.000563,-0.000472,0.000200,-0.000036,1.720795,0.045871,0.035825,-0.002092,-0.005540,0.004640,-0.001967,0.000351,0.000000,0.000000,0.000000,0.000000,0.000000,0.000000,0.000000,0.000000,
1.000000,0.371552,-0.063778,-0.012752,0.003033,-0.000279,0.000197,-0.000078,0.000014,-0.436793,-0.010465,-0.002092,0.000498,-0.000046,0.000032,-0.000013,0.000002,1.797884,0.102943,0.020582,-0.004896,0.000450,-0.000318,0.000126,-0.000022,0.000000,0.000000,0.000000,0.000000,0.000000,0.000000,0.000000,0.000000,
1.000000,0.297910,-0.080683,-0.004234,0.002812,0.000019,-0.000013,0.000005,-0.000001,-0.448877,-0.013239,-0.000694,0.000461,0.000003,-0.000002,0.000001,-0.000000,1.916748,0.130227,0.006834,-0.004538,-0.000031,0.000020,-0.000008,0.000002,0.000000,0.000000,0.000000,0.000000,0.000000,0.000000,0.000000,0.000000,
1.000000,0.215815,-0.080683,0.004234,0.002812,-0.000019,0.000018,-0.000018,0.000014,-0.462347,-0.013238,0.000695,0.000461,-0.000003,0.000003,-0.000003,0.000002,2.049255,0.130227,-0.006834,-0.004538,0.000031,-0.000030,0.000030,-0.000022,0.000000,0.000000,0.000000,0.000000,0.000000,0.000000,0.000000,0.000000,
1.000000,0.142172,-0.063779,0.012752,0.003034,0.000279,-0.000133,0.000305,-0.000218,-0.474429,-0.010463,0.002092,0.000498,0.000046,-0.000022,0.000050,-0.000036,2.168118,0.102941,-0.020582,-0.004896,-0.000450,0.000215,-0.000492,0.000351,0.000000,0.000000,0.000000,0.000000,0.000000,0.000000,0.000000,0.000000,
1.000000,0.094411,-0.028420,0.022196,0.001296,-0.003432,0.000046,-0.004379,0.002844,-0.482264,-0.004662,0.003641,0.000213,-0.000563,0.000008,-0.000718,0.000467,2.245205,0.045870,-0.035825,-0.002092,0.005540,-0.000075,0.007067,-0.004590,0.000000,0.000000,0.000000,0.000000,0.000000,0.000000,0.000000,0.000000,
