duration,x^0,x^1,x^2,x^3,x^4,x^5,x^6,x^7,y^0,y^1,y^2,y^3,y^4,y^5,y^6,y^7,z^0,z^1,z^2,z^3,z^4,z^5,z^6,z^7,yaw^0,yaw^1,yaw^2,yaw^3,yaw^4,yaw^5,yaw^6,yaw^7,
1.000000,-0.320880,0.000000,0.000000,0.000000,-0.017721,0.019361,-0.008976,0.001644,0.369080,0.000000,0.000000,0.000000,-0.050122,0.054761,-0.025386,0.004649,1.342000,0.000000,0.000000,0.000000,0.000729,-0.000797,0.000369,-0.000068,0.000000,0.000000,0.000000,0.000000,0.000000,0.000000,0.000000,0.000000,
1.000000,-0.326572,-0.016425,-0.012828,0.000749,0.001984,-0.001661,0.000704,-0.000126,0.352982,-0.046456,-0.036282,0.002119,0.005610,-0.004699,0.001992,-0.000356,1.342234,0.000676,0.000528,-0.000031,-0.000082,0.000068,-0.000029,0.000005,0.000000,0.000000,0.000000,0.000000,0.000000,0.000000,0.000000,0.000000,
1.000000,-0.354174,-0.036860,-0.007369,0.001753,-0.000161,0.000114,-0.000045,0.000008,0.274910,-0.104256,-0.020845,0.004959,-0.000456,0.000322,-0.000127,0.000022,1.343370,0.001517,0.000303,-0.000072,0.000007,-0.000005,0.000002,-0.000000,0.000000,0.000000,0.000000,0.000000,0.000000,0.000000,0.000000,0.000000,
1.000000,-0.396734,-0.046629,-0.002447,0.001625,0.000011,-0.000007,0.000003,-0.000001,0.154530,-0.131889,-0.006921,0.004596,0.000031,-0.000021,0.000008,-0.000002,1.345122,0.001920,0.000101,-0.000067,-0.000000,0.000000,-0.000000,0.000000,0.000000,0.000000,0.000000,0.000000,0.000000,0.000000,0.000000,0.000000,
1.000000,-0.444179,-0.046628,0.002447,0.001625,-0.000011,0.000011,-0.000011,0.000008,0.020331,-0.131889,0.006921,0.004596,-0.000031,0.000030,-0.000030,0.000022,1.347076,0.001920,-0.000101,-0.000067,0.000000,-0.000000,0.000000,-0.000000,0.000000,0.000000,0.000000,0.000000,0.000000,0.000000,0.000000,0.000000,
1.000000,-0.486738,-0.036858,0.007369,0.001753,0.000161,-0.000077,0.000176,-0.000126,-0.100050,-0.104256,0.020845,0.004959,0.000456,-0.000218,0.000498,-0.000356,1.348829,0.001518,-0.000303,-0.000072,-0.000007,0.000003,-0.000007,0.000005,0.000000,0.000000,0.000000,0.000000,0.000000,0.000000,0.000000,0.000000,
1.000000,-0.514339,-0.016424,0.012827,0.000749,-0.001983,0.000027,-0.002530,0.001644,-0.178122,-0.046456,0.036282,0.002119,-0.005610,0.000075,-0.007158,0.004649,1.349966,0.000677,-0.000528,-0.000031,0.000082,-0.000001,0.000104,-0.000068,0.000000,0.000000,0.000000,0.000000,0.000000,0.000000,0.000000,0.000000,
