duration,x^0,x^1,x^2,x^3,x^4,x^5,x^6,x^7,y^0,y^1,y^2,y^3,y^4,y^5,y^6,y^7,z^0,z^1,z^2,z^3,z^4,z^5,z^6,z^7,yaw^0,yaw^1,yaw^2,yaw^3,yaw^4,yaw^5,yaw^6,yaw^7,
1.000000,0.646850,0.000000,0.000000,0.000000,-0.023283,0.025426,-0.011784,0.002158,0.213840,0.000000,0.000000,-0.000000,-0.010754,0.011743,-0.005443,0.000997,1.908800,0.000000,0.000000,-0.000000,0.006363,-0.006956,0.003225,-0.000591,0.000000,0.000000,0.000000,0.000000,0.000000,0.000000,0.000000,0.000000,
1.000000,0.639366,-0.021605,-0.016892,0.000963,0.002606,-0.002181,0.000925,-0.000165,0.210383,-0.009980,-0.007803,0.000444,0.001203,-0.001007,0.000427,-0.000076,1.910842,0.005890,0.004595,-0.000275,-0.000712,0.000597,-0.000253,0.000045,0.000000,0.000000,0.000000,0.000000,0.000000,0.000000,0.000000,0.000000,
1.000000,0.603016,-0.048589,-0.009774,0.002292,-0.000208,0.000150,-0.000059,0.000010,0.193592,-0.022448,-0.004519,0.001056,-0.000097,0.000069,-0.000027,0.000005,1.920730,0.013190,0.002621,-0.000633,0.000059,-0.000041,0.000016,-0.000003,0.000000,0.000000,0.000000,0.000000,0.000000,0.000000,0.000000,0.000000,
1.000000,0.546837,-0.061627,-0.003315,0.002142,0.000020,-0.000010,0.000004,-0.000001,0.167631,-0.028486,-0.001543,0.000987,0.000010,-0.000004,0.000002,-0.000001,1.935939,0.016642,0.000851,-0.000581,-0.000002,0.000002,-0.000001,0.000000,0.000000,0.000000,0.000000,0.000000,0.000000,0.000000,0.000000,0.000000,
1.000000,0.484050,-0.061786,0.003166,0.002162,-0.000010,0.000013,-0.000014,0.000011,0.138596,-0.028587,0.001449,0.001001,-0.000003,0.000006,-0.000006,0.000005,1.952850,0.016599,-0.000891,-0.000576,0.000005,-0.000004,0.000004,-0.000003,0.000000,0.000000,0.000000,0.000000,0.000000,0.000000,0.000000,0.000000,
1.000000,0.427592,-0.048952,0.009737,0.002346,0.000217,-0.000103,0.000235,-0.000168,0.112460,-0.022674,0.004499,0.001091,0.000101,-0.000048,0.000109,-0.000078,1.967984,0.013093,-0.002630,-0.000618,-0.000057,0.000027,-0.000062,0.000045,0.000000,0.000000,0.000000,0.000000,0.000000,0.000000,0.000000,0.000000,
1.000000,0.390904,-0.021851,0.017051,0.001015,-0.002642,0.000036,-0.003374,0.002191,0.095460,-0.010129,0.007901,0.000475,-0.001225,0.000017,-0.001566,0.001016,1.977782,0.005825,-0.004553,-0.000262,0.000703,-0.000009,0.000896,-0.000582,0.000000,0.000000,0.000000,0.000000,0.000000,0.000000,0.000000,0.000000,
