duration,x^0,x^1,x^2,x^3,x^4,x^5,x^6,x^7,y^0,y^1,y^2,y^3,y^4,y^5,y^6,y^7,z^0,z^1,z^2,z^3,z^4,z^5,z^6,z^7,yaw^0,yaw^1,yaw^2,yaw^3,yaw^4,yaw^5,yaw^6,yaw^7,
1.000000,-0.052640,0.000000,0.000000,0.000000,-0.026678,0.029147,-0.013512,0.002474,0.096959,0.000000,0.000000,0.000000,-0.004730,0.005167,-0.002395,0.000439,1.939800,0.000000,0.000000,0.000000,0.011821,-0.012915,0.005987,-0.001096,0.000000,0.000000,0.000000,0.000000,0.000000,0.000000,0.000000,0.000000,
1.000000,-0.061208,-0.024727,-0.019312,0.001127,0.002986,-0.002501,0.001060,-0.000189,0.095440,-0.004384,-0.003424,0.000200,0.000529,-0.000443,0.000188,-0.000034,1.943597,0.010956,0.008556,-0.000500,-0.001323,0.001108,-0.000470,0.000084,0.000000,0.000000,0.000000,0.000000,0.000000,0.000000,0.000000,0.000000,
1.000000,-0.102765,-0.055495,-0.011097,0.002639,-0.000243,0.000172,-0.000068,0.000012,0.088073,-0.009838,-0.001967,0.000468,-0.000043,0.000030,-0.000012,0.000002,1.962008,0.024585,0.004914,-0.001170,0.000108,-0.000076,0.000030,-0.000005,0.000000,0.000000,0.000000,0.000000,0.000000,0.000000,0.000000,0.000000,
1.000000,-0.166845,-0.070210,-0.003688,0.002446,0.000017,-0.000011,0.000004,-0.000001,0.076714,-0.012445,-0.000653,0.000434,0.000003,-0.000002,0.000001,-0.000000,1.990393,0.031098,0.001630,-0.001084,-0.000007,0.000005,-0.000002,0.000001,0.000000,0.000000,0.000000,0.000000,0.000000,0.000000,0.000000,0.000000,
1.000000,-0.238288,-0.070218,0.003680,0.002447,-0.000016,0.000016,-0.000016,0.000012,0.064051,-0.012445,0.000653,0.000433,-0.000003,0.000003,-0.000003,0.000002,2.022033,0.031092,-0.001635,-0.001084,0.000008,-0.000007,0.000007,-0.000005,0.000000,0.000000,0.000000,0.000000,0.000000,0.000000,0.000000,0.000000,
1.000000,-0.302383,-0.055514,0.011095,0.002642,0.000243,-0.000116,0.000265,-0.000189,0.052691,-0.009839,0.001966,0.000468,0.000043,-0.000021,0.000047,-0.000034,2.050408,0.024572,-0.004916,-0.001168,-0.000107,0.000051,-0.000117,0.000084,0.000000,0.000000,0.000000,0.000000,0.000000,0.000000,0.000000,0.000000,
1.000000,-0.343957,-0.024740,0.019321,0.001130,-0.002988,0.000040,-0.003812,0.002476,0.045323,-0.004385,0.003424,0.000200,-0.000530,0.000007,-0.000676,0.000439,2.068807,0.010947,-0.008550,-0.000498,0.001322,-0.000018,0.001686,-0.001095,0.000000,0.000000,0.000000,0.000000,0.000000,0.000000,0.000000,0.000000,
