duration,x^0,x^1,x^2,x^3,x^4,x^5,x^6,x^7,y^0,y^1,y^2,y^3,y^4,y^5,y^6,y^7,z^0,z^1,z^2,z^3,z^4,z^5,z^6,z^7,yaw^0,yaw^1,yaw^2,yaw^3,yaw^4,yaw^5,yaw^6,yaw^7,
1.000000,0.338020,0.000000,0.000000,0.000000,-0.019191,0.020968,-0.009720,0.001780,0.119870,0.000000,0.000000,0.000000,-0.047168,0.051534,-0.023890,0.004375,1.264500,0.000000,0.000000,0.000000,0.025902,-0.028299,0.013119,-0.002403,0.000000,0.000000,0.000000,0.000000,0.000000,0.000000,0.000000,0.000000,
1.000000,0.331856,-0.017787,-0.013892,0.000811,0.002148,-0.001799,0.000763,-0.000136,0.104721,-0.043718,-0.034144,0.001994,0.005280,-0.004422,0.001875,-0.000335,1.272819,0.024007,0.018750,-0.001095,-0.002899,0.002428,-0.001029,0.000184,0.000000,0.000000,0.000000,0.000000,0.000000,0.000000,0.000000,0.000000,
1.000000,0.301963,-0.039918,-0.007981,0.001899,-0.000175,0.000123,-0.000049,0.000009,0.031250,-0.098111,-0.019616,0.004666,-0.000429,0.000303,-0.000120,0.000021,1.313165,0.053877,0.010772,-0.002563,0.000236,-0.000167,0.000066,-0.000012,0.000000,0.000000,0.000000,0.000000,0.000000,0.000000,0.000000,0.000000,
1.000000,0.255871,-0.050499,-0.002650,0.001760,0.000012,-0.000008,0.000003,-0.000001,-0.082036,-0.124116,-0.006513,0.004325,0.000029,-0.000019,0.000008,-0.000002,1.375375,0.068157,0.003577,-0.002375,-0.000016,0.000011,-0.000004,0.000001,0.000000,0.000000,0.000000,0.000000,0.000000,0.000000,0.000000,0.000000,
1.000000,0.204489,-0.050499,0.002650,0.001760,-0.000012,0.000011,-0.000011,0.000009,-0.208324,-0.124116,0.006513,0.004325,-0.000029,0.000028,-0.000028,0.000021,1.444725,0.068157,-0.003577,-0.002375,0.000016,-0.000015,0.000015,-0.000012,0.000000,0.000000,0.000000,0.000000,0.000000,0.000000,0.000000,0.000000,
1.000000,0.158396,-0.039918,0.007981,0.001899,0.000175,-0.000083,0.000191,-0.000136,-0.321610,-0.098111,0.019616,0.004666,0.000429,-0.000205,0.000469,-0.000335,1.506935,0.053877,-0.010772,-0.002563,-0.000236,0.000113,-0.000258,0.000184,0.000000,0.000000,0.000000,0.000000,0.000000,0.000000,0.000000,0.000000,
1.000000,0.128504,-0.017787,0.013892,0.000811,-0.002148,0.000029,-0.002741,0.001780,-0.395081,-0.043718,0.034144,0.001994,-0.005280,0.000071,-0.006736,0.004375,1.547281,0.024008,-0.018750,-0.001095,0.002899,-0.000039,0.003699,-0.002403,0.000000,0.000000,0.000000,0.000000,0.000000,0.000000,0.000000,0.000000,
