duration,x^0,x^1,x^2,x^3,x^4,x^5,x^6,x^7,y^0,y^1,y^2,y^3,y^4,y^5,y^6,y^7,z^0,z^1,z^2,z^3,z^4,z^5,z^6,z^7,yaw^0,yaw^1,yaw^2,yaw^3,yaw^4,yaw^5,yaw^6,yaw^7,
1.000000,0.220850,0.000000,0.000000,0.000000,-0.025545,0.027910,-0.012938,0.002369,0.711940,0.000000,0.000000,-0.000000,-0.033860,0.036994,-0.017150,0.003141,1.641000,0.000000,0.000000,0.000000,-0.013498,0.014748,-0.006837,0.001252,0.000000,0.000000,0.000000,0.000000,0.000000,0.000000,0.000000,0.000000,
1.000000,0.212645,-0.023677,-0.018492,0.001080,0.002859,-0.002395,0.001015,-0.000181,0.701065,-0.031384,-0.024511,0.001431,0.003790,-0.003175,0.001346,-0.000240,1.636665,-0.012511,-0.009771,0.000571,0.001511,-0.001266,0.000536,-0.000096,0.000000,0.000000,0.000000,0.000000,0.000000,0.000000,0.000000,0.000000,
1.000000,0.172855,-0.053135,-0.010624,0.002527,-0.000232,0.000164,-0.000065,0.000011,0.648323,-0.070431,-0.014082,0.003350,-0.000308,0.000218,-0.000086,0.000015,1.615639,-0.028077,-0.005614,0.001335,-0.000123,0.000087,-0.000034,0.000006,0.000000,0.000000,0.000000,0.000000,0.000000,0.000000,0.000000,0.000000,
1.000000,0.111502,-0.067219,-0.003528,0.002342,0.000016,-0.000011,0.000004,-0.000001,0.566998,-0.089100,-0.004676,0.003105,0.000021,-0.000014,0.000006,-0.000002,1.583220,-0.035519,-0.001864,0.001238,0.000008,-0.000006,0.000002,-0.000001,0.000000,0.000000,0.000000,0.000000,0.000000,0.000000,0.000000,0.000000,
1.000000,0.043107,-0.067219,0.003527,0.002342,-0.000016,0.000015,-0.000015,0.000011,0.476337,-0.089101,0.004675,0.003105,-0.000021,0.000020,-0.000020,0.000015,1.547080,-0.035519,0.001864,0.001238,-0.000008,0.000008,-0.000008,0.000006,0.000000,0.000000,0.000000,0.000000,0.000000,0.000000,0.000000,0.000000,
1.000000,-0.018247,-0.053135,0.010624,0.002527,0.000232,-0.000111,0.000254,-0.000181,0.395010,-0.070434,0.014082,0.003350,0.000308,-0.000147,0.000337,-0.000240,1.514660,-0.028077,0.005614,0.001335,0.000123,-0.000059,0.000134,-0.000096,0.000000,0.000000,0.000000,0.000000,0.000000,0.000000,0.000000,0.000000,
1.000000,-0.058037,-0.023677,0.018492,0.001080,-0.002859,0.000038,-0.003648,0.002370,0.342266,-0.031386,0.024512,0.001432,-0.003790,0.000051,-0.004836,0.003141,1.493635,-0.012511,0.009771,0.000571,-0.001511,0.000020,-0.001928,0.001252,0.000000,0.000000,0.000000,0.000000,0.000000,0.000000,0.000000,0.000000,
