duration,x^0,x^1,x^2,x^3,x^4,x^5,x^6,x^7,y^0,y^1,y^2,y^3,y^4,y^5,y^6,y^7,z^0,z^1,z^2,z^3,z^4,z^5,z^6,z^7,yaw^0,yaw^1,yaw^2,yaw^3,yaw^4,yaw^5,yaw^6,yaw^7,
1.000000,-0.196790,0.000000,0.000000,0.000000,-0.028094,0.030698,-0.014231,0.002606,-0.326900,0.000000,0.000000,0.000000,-0.026880,0.029379,-0.013622,0.002495,1.389000,0.000000,0.000000,0.000000,0.046388,-0.050680,0.023494,-0.004303,0.000000,0.000000,0.000000,0.000000,0.000000,0.000000,0.000000,0.000000,
1.000000,-0.205812,-0.026033,-0.020328,0.001193,0.003145,-0.002635,0.001117,-0.000199,-0.335528,-0.024891,-0.019423,0.001156,0.003009,-0.002522,0.001069,-0.000191,1.403899,0.042996,0.033581,-0.001960,-0.005192,0.004349,-0.001844,0.000329,0.000000,0.000000,0.000000,0.000000,0.000000,0.000000,0.000000,0.000000,
1.000000,-0.249553,-0.058400,-0.011663,0.002781,-0.000257,0.000180,-0.000071,0.000013,-0.377320,-0.055763,-0.011093,0.002671,-0.000249,0.000172,-0.000068,0.000012,1.476159,0.096497,0.019296,-0.004589,0.000422,-0.000298,0.000118,-0.000021,0.000000,0.000000,0.000000,0.000000,0.000000,0.000000,0.000000,0.000000,
1.000000,-0.316971,-0.073847,-0.003860,0.002573,0.000016,-0.000012,0.000005,-0.000001,-0.441638,-0.070395,-0.003620,0.002457,0.000011,-0.000011,0.000005,-0.000001,1.587584,0.122081,0.006409,-0.004255,-0.000029,0.000019,-0.000008,0.000002,0.000000,0.000000,0.000000,0.000000,0.000000,0.000000,0.000000,0.000000,
1.000000,-0.392097,-0.073822,0.003885,0.002570,-0.000018,0.000017,-0.000017,0.000013,-0.513192,-0.070255,0.003751,0.002439,-0.000020,0.000016,-0.000016,0.000012,1.711803,0.122083,-0.006407,-0.004255,0.000029,-0.000028,0.000028,-0.000021,0.000000,0.000000,0.000000,0.000000,0.000000,0.000000,0.000000,0.000000,
1.000000,-0.459468,-0.058341,0.011670,0.002773,0.000255,-0.000122,0.000279,-0.000199,-0.577264,-0.055445,0.011125,0.002623,0.000241,-0.000115,0.000264,-0.000189,1.823233,0.096504,-0.019295,-0.004590,-0.000422,0.000202,-0.000461,0.000329,0.000000,0.000000,0.000000,0.000000,0.000000,0.000000,0.000000,0.000000,
1.000000,-0.503153,-0.025992,0.020302,0.001184,-0.003139,0.000042,-0.004004,0.002601,-0.618760,-0.024677,0.019284,0.001112,-0.002978,0.000040,-0.003797,0.002467,1.895499,0.043001,-0.033584,-0.001961,0.005193,-0.000070,0.006625,-0.004303,0.000000,0.000000,0.000000,0.000000,0.000000,0.000000,0.000000,0.000000,
