duration,x^0,x^1,x^2,x^3,x^4,x^5,x^6,x^7,y^0,y^1,y^2,y^3,y^4,y^5,y^6,y^7,z^0,z^1,z^2,z^3,z^4,z^5,z^6,z^7,yaw^0,yaw^1,yaw^2,yaw^3,yaw^4,yaw^5,yaw^6,yaw^7,
1.000000,0.300000,0.000000,0.000000,0.000000,0.000000,-0.000000,0.000000,-0.000000,-0.200000,0.000000,0.000000,0.000000,-0.032969,0.037641,-0.017777,0.003293,1.800000,0.000000,0.000000,-0.000000,0.032969,-0.037641,0.017777,-0.003293,0.000000,0.000000,0.000000,0.000000,0.000000,0.000000,0.000000,0.000000,
1.000000,0.300000,0.000000,0.000000,-0.000000,-0.000000,0.000000,-0.000000,0.000000,-0.209811,-0.027275,-0.018890,0.004269,0.003851,-0.003322,0.001424,-0.000246,1.809811,0.027275,0.018890,-0.004269,-0.003851,0.003322,-0.001424,0.000246,0.000000,0.000000,0.000000,0.000000,0.000000,0.000000,0.000000,0.000000,
1.000000,0.300000,0.000000,-0.000000,-0.000000,0.000000,0.000000,-0.000000,-0.000000,-0.250000,-0.046631,0.000000,0.006330,-0.000000,0.000063,0.000295,-0.000246,1.850000,0.046631,-0.000000,-0.006330,0.000000,-0.000063,-0.000295,0.000246,0.000000,0.000000,0.000000,0.000000,0.000000,0.000000,0.000000,0.000000,
1.000000,0.300000,-0.000000,0.000000,0.000000,-0.000000,-0.000000,-0.000000,0.000000,-0.290189,-0.027275,0.018890,0.004269,-0.003851,0.000139,-0.005276,0.003293,1.890189,0.027275,-0.018890,-0.004269,0.003851,-0.000139,0.005276,-0.003293,0.000000,0.000000,0.000000,0.000000,0.000000,0.000000,0.000000,0.000000,
