duration,x^0,x^1,x^2,x^3,x^4,x^5,x^6,x^7,y^0,y^1,y^2,y^3,y^4,y^5,y^6,y^7,z^0,z^1,z^2,z^3,z^4,z^5,z^6,z^7,yaw^0,yaw^1,yaw^2,yaw^3,yaw^4,yaw^5,yaw^6,yaw^7,
1.000000,0.000000,0.000000,0.000000,0.000000,0.098918,-0.112940,0.053338,-0.009881,0.100000,0.000000,0.000000,0.000000,0.032956,-0.037622,0.017766,-0.003291,1.600000,0.000000,0.000000,-0.000000,0.435951,-0.609917,0.321488,-0.062290,0.000000,0.000000,0.000000,0.000000,0.000000,0.000000,0.000000,0.000000,
1.000000,0.029434,0.081829,0.056670,-0.012811,-0.011553,0.009968,-0.004272,0.000737,0.109809,0.027271,0.018891,-0.004266,-0.003853,0.003321,-0.001422,0.000245,1.685232,0.187115,0.030760,-0.105764,0.028530,0.040492,-0.034963,0.008519,0.000000,0.000000,0.000000,0.000000,0.000000,0.000000,0.000000,0.000000,
1.000000,0.150003,0.139893,-0.000002,-0.018988,0.000000,-0.000190,-0.000885,0.000737,0.149997,0.046633,0.000002,-0.006331,-0.000000,-0.000063,-0.000295,0.000246,1.839921,0.097778,-0.055980,0.012176,0.004706,-0.009047,0.005608,-0.001252,0.000000,0.000000,0.000000,0.000000,0.000000,0.000000,0.000000,0.000000,
1.000000,0.270568,0.081824,-0.056670,-0.012807,0.011554,-0.000417,0.015826,-0.009879,0.190188,0.027278,-0.018892,-0.004270,0.003852,-0.000139,0.005276,-0.003294,1.893910,0.020820,-0.023854,0.008879,-0.000219,0.001521,-0.000916,-0.000140,0.000000,0.000000,0.000000,0.000000,0.000000,0.000000,0.000000,0.000000,
