duration,x^0,x^1,x^2,x^3,x^4,x^5,x^6,x^7,y^0,y^1,y^2,y^3,y^4,y^5,y^6,y^7,z^0,z^1,z^2,z^3,z^4,z^5,z^6,z^7,yaw^0,yaw^1,yaw^2,yaw^3,yaw^4,yaw^5,yaw^6,yaw^7,
1.000000,0.300000,0.000000,0.000000,0.000000,-0.036298,0.039756,-0.018436,0.003379,-0.200000,0.000000,0.000000,0.000000,-0.000311,0.000398,-0.000199,0.000038,1.000000,0.000000,0.000000,0.000000,0.018913,-0.020855,0.009706,-0.001782,0.000000,0.000000,0.000000,0.000000,0.000000,0.000000,0.000000,0.000000,
1.000000,0.288400,-0.033382,-0.025825,0.001893,0.004192,-0.003454,0.001466,-0.000260,-0.200075,-0.000185,-0.000079,0.000079,0.000018,-0.000031,0.000014,-0.000003,1.005983,0.017142,0.013103,-0.001141,-0.002139,0.001803,-0.000768,0.000138,0.000000,0.000000,0.000000,0.000000,0.000000,0.000000,0.000000,0.000000,
1.000000,0.233029,-0.072883,-0.013016,0.004324,-0.000204,0.000197,-0.000095,0.000018,-0.200261,-0.000125,0.000105,0.000019,-0.000029,0.000010,-0.000001,-0.000000,1.034121,0.036741,0.006250,-0.002207,0.000175,-0.000124,0.000049,-0.000008,0.000000,0.000000,0.000000,0.000000,0.000000,0.000000,0.000000,0.000000,
1.000000,0.151370,-0.086216,-0.000339,0.004219,-0.000002,0.000006,-0.000016,0.000016,-0.200283,0.000068,0.000070,-0.000021,0.000000,0.000001,-0.000001,0.000000,1.074996,0.042936,0.000001,-0.002056,0.000000,-0.000005,0.000009,-0.000008,0.000000,0.000000,0.000000,0.000000,0.000000,0.000000,0.000000,0.000000,
1.000000,0.069038,-0.074198,0.012467,0.004519,0.000356,-0.000175,0.000398,-0.000280,-0.200165,0.000147,0.000008,-0.000022,-0.000002,0.000001,-0.000001,0.000001,1.115874,0.036745,-0.006248,-0.002207,-0.000175,0.000086,-0.000196,0.000138,0.000000,0.000000,0.000000,0.000000,0.000000,0.000000,0.000000,0.000000,
1.000000,0.012126,-0.034728,0.026505,0.002361,-0.004342,0.000084,-0.005626,0.003619,-0.200033,0.000092,-0.000062,-0.000017,0.000013,-0.000001,0.000019,-0.000012,1.144016,0.017146,-0.013104,-0.001142,0.002139,-0.000041,0.002769,-0.001783,0.000000,0.000000,0.000000,0.000000,0.000000,0.000000,0.000000,0.000000,
