duration,x^0,x^1,x^2,x^3,x^4,x^5,x^6,x^7,y^0,y^1,y^2,y^3,y^4,y^5,y^6,y^7,z^0,z^1,z^2,z^3,z^4,z^5,z^6,z^7,yaw^0,yaw^1,yaw^2,yaw^3,yaw^4,yaw^5,yaw^6,yaw^7,
1.000000,-0.400000,0.000000,0.000000,0.000000,0.131875,-0.150565,0.071106,-0.013173,-0.200000,0.000000,0.000000,0.000000,-0.032969,0.037641,-0.017777,0.003293,0.600000,0.000000,0.000000,0.000000,0.197813,-0.225848,0.106659,-0.019759,0.000000,0.000000,0.000000,0.000000,0.000000,0.000000,0.000000,0.000000,
1.000000,-0.360757,0.109101,0.075561,-0.017077,-0.015406,0.013289,-0.005694,0.000982,-0.209811,-0.027275,-0.018890,0.004269,0.003851,-0.003322,0.001424,-0.000246,0.658865,0.163652,0.113342,-0.025616,-0.023108,0.019934,-0.008541,0.001473,0.000000,0.000000,0.000000,0.000000,0.000000,0.000000,0.000000,0.000000,
1.000000,-0.200000,0.186526,-0.000000,-0.025318,0.000000,-0.000253,-0.001180,0.000982,-0.250000,-0.046631,0.000000,0.006330,-0.000000,0.000063,0.000295,-0.000246,0.900000,0.279789,0.000000,-0.037977,-0.000000,-0.000379,-0.001770,0.001473,0.000000,0.000000,0.000000,0.000000,0.000000,0.000000,0.000000,0.000000,
1.000000,-0.039243,0.109101,-0.075561,-0.017077,0.015406,-0.000556,0.021103,-0.013173,-0.290189,-0.027275,0.018890,0.004269,-0.003851,0.000139,-0.005276,0.003293,1.141135,0.163652,-0.113342,-0.025616,0.023108,-0.000833,0.031654,-0.019759,0.000000,0.000000,0.000000,0.000000,0.000000,0.000000,0.000000,0.000000,
