duration,x^0,x^1,x^2,x^3,x^4,x^5,x^6,x^7,y^0,y^1,y^2,y^3,y^4,y^5,y^6,y^7,z^0,z^1,z^2,z^3,z^4,z^5,z^6,z^7,yaw^0,yaw^1,yaw^2,yaw^3,yaw^4,yaw^5,yaw^6,yaw^7,
1.000000,-0.500000,0.000000,0.000000,0.000000,-0.223427,0.280220,-0.136734,0.025839,-0.600000,0.000000,0.000000,0.000000,0.082481,-0.078592,0.034358,-0.006041,0.500000,0.000000,0.000000,0.000000,-0.000003,0.000004,-0.000002,0.000000,0.000000,0.000000,0.000000,0.000000,0.000000,0.000000,0.000000,0.000000,
1.000000,-0.554102,-0.132139,-0.046753,0.078178,0.031030,-0.027089,0.009414,-0.002571,-0.567794,0.100824,0.097473,0.019727,-0.006544,0.005309,-0.003351,-0.000056,0.499999,-0.000002,-0.000001,0.000001,0.000000,-0.000000,0.000000,-0.000000,0.000000,0.000000,0.000000,0.000000,0.000000,0.000000,0.000000,0.000000,
1.000000,-0.644033,0.036044,0.190274,0.029681,-0.053209,0.025635,-0.033258,0.011425,-0.354412,0.334821,0.119035,-0.022347,-0.032233,0.015825,-0.024163,0.009244,0.499998,-0.000000,0.000002,0.000000,-0.000001,0.000000,-0.000000,0.000000,0.000000,0.000000,0.000000,0.000000,0.000000,0.000000,0.000000,0.000000,
1.000000,-0.437441,0.301403,-0.042528,-0.192081,-0.024018,0.015040,0.176610,-0.096984,0.045770,0.375778,-0.151462,-0.152730,0.008005,0.009129,0.150893,-0.085384,0.499999,0.000002,-0.000000,-0.000002,0.000000,0.000000,0.000001,-0.000001,0.000000,0.000000,0.000000,0.000000,0.000000,0.000000,0.000000,0.000000,
